Priority,Category,Title,Description,Impact,Page/Site,URL,Specific Action,Target Completion
"CRITICAL","Meta Descriptions","Optimize Meta Description","Missing call-to-action in meta description","HIGH","001_home","https://www.midjourney.com/home","Expand meta description from 119 to 120-160 characters","2025-08-21"
"HIGH","Content Uniqueness","Increase Content Uniqueness","Content lacks unique, specific information","HIGH","001_homepage","https://www.mage.space","Add more specific, unique information about the subject; Include location-specific information; Add personal or company-specific details","2025-08-25"
"HIGH","Title Tags","Fix Title Tag Issues","Title too short (under 30 characters)","HIGH","001_home","https://www.midjourney.com/home","Expand title from 10 to 30-60 characters with more descriptive keywords","2025-08-25"
"HIGH","Title Tags","Fix Title Tag Issues","Title lacks descriptive keywords","HIGH","001_home","https://www.midjourney.com/home","Expand title from 10 to 30-60 characters with more descriptive keywords","2025-08-25"
"HIGH","Meta Descriptions","Optimize Meta Description","Meta description too short (under 120 characters)","HIGH","001_home","https://www.midjourney.com/home","Expand meta description from 119 to 120-160 characters","2025-08-25"
"HIGH","Content Uniqueness","Increase Content Uniqueness","Content lacks unique, specific information","HIGH","001_home","https://www.midjourney.com/home","Add more specific, unique information about the subject; Include location-specific information; Add personal or company-specific details","2025-08-25"
"MEDIUM","Content Quality","Improve Content Quality","Content quality score: 50.0%","MEDIUM","001_homepage","https://www.mage.space","Add more specific, unique information about the subject; Reduce keyword density to avoid over-optimization","2025-09-01"
"MEDIUM","Technical SEO","Fix Technical SEO Issues","No structured data (schema markup) found","MEDIUM","001_homepage","https://www.mage.space","Add JSON-LD structured data for better search engine understanding","2025-09-01"
"MEDIUM","Technical SEO","Fix Technical SEO Issues","Missing essential meta tags: robots","MEDIUM","001_homepage","https://www.mage.space","Review and fix technical SEO issue","2025-09-01"
"MEDIUM","Content Quality","Improve Content Quality","Content quality score: 40.0%","MEDIUM","001_home","https://www.midjourney.com/home","Expand content to at least 300 words for better SEO value; Add more specific, unique information about the subject; Simplify language and sentence structure for better readability","2025-09-01"
"MEDIUM","Technical SEO","Fix Technical SEO Issues","No structured data (schema markup) found","MEDIUM","001_home","https://www.midjourney.com/home","Add JSON-LD structured data for better search engine understanding","2025-09-01"